{
  "version": 1,
  "pages": [
    {
      "id": "mainPage",
      "title": "Swimlanes with Bound Shapes",
      "shapes": [
        {
          "id": "swimlane",
          "type": "swimLanes",
          "boundingBox": {
            "x": 140,
            "y": 200,
            "w": 960,
            "h": 960
          },
          "style": {
            "stroke": {
              "color": "#062327ff",
              "width": 5
            }
          },
          "magnetize": true,
          "vertical": false,
          "titleBar": {
            "height": 40,
            "verticalText": true
          },
          "lanes": [
            {
              "id": "phaseOne",
              "title": "<span style='color: #ffffff; font-weight: bold; font-size: 14pt;'>Phase One</span>",
              "width": 320,
              "headerFill": "#062327ff",
              "laneFill": "#ffffff"
            },
            {
              "id": "phaseTwo",
              "title": "<span style='color: #ffffff; font-weight: bold; font-size: 14pt;'>Phase Two</span>",
              "width": 320,
              "headerFill": "#062327ff",
              "laneFill": "#ffffff"
            },
            {
              "id": "phaseThree",
              "title": "<span style='color: #ffffff; font-weight: bold; font-size: 14pt;'>Phase Three</span>",
              "width": 320,
              "headerFill": "#062327ff",
              "laneFill": "#ffffff"
            }
          ]
        },
        {
          "id": "startRect",
          "type": "rectangle",
          "boundingBox": {
            "x": 200,
            "y": 260,
            "w": 200,
            "h": 80
          },
          "laneId": "phaseOne",
          "style": {
            "stroke": {
              "color": "#000000",
              "width": 2
            },
            "fill": {
              "type": "color",
              "color": "#00FF00"
            }
          },
          "text": "Start"
        },
        {
          "id": "processRect1",
          "type": "rectangle",
          "boundingBox": {
            "x": 200,
            "y": 360,
            "w": 200,
            "h": 80
          },
          "laneId": "phaseOne",
          "style": {
            "stroke": {
              "color": "#000000",
              "width": 2
            },
            "fill": {
              "type": "color",
              "color": "#FFFF00"
            }
          },
          "text": "Process Phase One"
        },
        {
          "id": "processRect2",
          "type": "rectangle",
          "boundingBox": {
            "x": 520,
            "y": 260,
            "w": 200,
            "h": 80
          },
          "laneId": "phaseTwo",
          "style": {
            "stroke": {
              "color": "#000000",
              "width": 2
            },
            "fill": {
              "type": "color",
              "color": "#FFA500"
            }
          },
          "text": "Process Phase Two"
        },
        {
          "id": "decisionDiamond",
          "type": "diamond",
          "boundingBox": {
            "x": 520,
            "y": 360,
            "w": 120,
            "h": 80
          },
          "laneId": "phaseTwo",
          "style": {
            "stroke": {
              "color": "#000000",
              "width": 2
            },
            "fill": {
              "type": "color",
              "color": "#FFCC00"
            }
          },
          "text": "Decision?"
        },
        {
          "id": "endRect",
          "type": "rectangle",
          "boundingBox": {
            "x": 840,
            "y": 260,
            "w": 200,
            "h": 80
          },
          "laneId": "phaseThree",
          "style": {
            "stroke": {
              "color": "#000000",
              "width": 2
            },
            "fill": {
              "type": "color",
              "color": "#008000"
            }
          },
          "text": "End Phase Three"
        },
        {
          "id": "reviewRect",
          "type": "rectangle",
          "boundingBox": {
            "x": 520,
            "y": 460,
            "w": 200,
            "h": 80
          },
          "laneId": "phaseTwo",
          "style": {
            "stroke": {
              "color": "#000000",
              "width": 2
            },
            "fill": {
              "type": "color",
              "color": "#ADD8E6"
            }
          },
          "text": "Review"
        },
        {
          "id": "yesRect",
          "type": "rectangle",
          "boundingBox": {
            "x": 480,
            "y": 460,
            "w": 200,
            "h": 80
          },
          "laneId": "phaseTwo",
          "style": {
            "stroke": {
              "color": "#000000",
              "width": 2
            },
            "fill": {
              "type": "color",
              "color": "#00FFFF"
            }
          },
          "text": "Yes Outcome"
        },
        {
          "id": "noRect",
          "type": "rectangle",
          "boundingBox": {
            "x": 600,
            "y": 460,
            "w": 200,
            "h": 80
          },
          "laneId": "phaseTwo",
          "style": {
            "stroke": {
              "color": "#000000",
              "width": 2
            },
            "fill": {
              "type": "color",
              "color": "#FF6666"
            }
          },
          "text": "No Outcome"
        }
      ],
      "lines": [
        {
          "id": "connector1",
          "lineType": "straight",
          "stroke": {
            "color": "#000000",
            "width": 2
          },
          "endpoint1": {
            "type": "shapeEndpoint",
            "style": "none",
            "shapeId": "startRect",
            "position": {
              "x": 0.5,
              "y": 1
            }
          },
          "endpoint2": {
            "type": "shapeEndpoint",
            "style": "arrow",
            "shapeId": "processRect1",
            "position": {
              "x": 0.5,
              "y": 0
            }
          }
        },
        {
          "id": "connector2",
          "lineType": "straight",
          "stroke": {
            "color": "#000000",
            "width": 2
          },
          "endpoint1": {
            "type": "shapeEndpoint",
            "style": "none",
            "shapeId": "processRect1",
            "position": {
              "x": 1,
              "y": 0.5
            }
          },
          "endpoint2": {
            "type": "shapeEndpoint",
            "style": "arrow",
            "shapeId": "processRect2",
            "position": {
              "x": 0,
              "y": 0.5
            }
          }
        },
        {
          "id": "connector3",
          "lineType": "straight",
          "stroke": {
            "color": "#000000",
            "width": 2
          },
          "endpoint1": {
            "type": "shapeEndpoint",
            "style": "none",
            "shapeId": "processRect2",
            "position": {
              "x": 1,
              "y": 0.5
            }
          },
          "endpoint2": {
            "type": "shapeEndpoint",
            "style": "arrow",
            "shapeId": "decisionDiamond",
            "position": {
              "x": 0,
              "y": 0.5
            }
          }
        },
        {
          "id": "connector4",
          "lineType": "straight",
          "stroke": {
            "color": "#000000",
            "width": 2
          },
          "endpoint1": {
            "type": "shapeEndpoint",
            "style": "none",
            "shapeId": "decisionDiamond",
            "position": {
              "x": 0.5,
              "y": 1
            }
          },
          "endpoint2": {
            "type": "shapeEndpoint",
            "style": "arrow",
            "shapeId": "endRect",
            "position": {
              "x": 0.5,
              "y": 0
            }
          }
        },
        {
          "id": "connector5",
          "lineType": "straight",
          "stroke": {
            "color": "#000000",
            "width": 2
          },
          "endpoint1": {
            "type": "shapeEndpoint",
            "style": "none",
            "shapeId": "decisionDiamond",
            "position": {
              "x": 0.75,
              "y": 1
            }
          },
          "endpoint2": {
            "type": "shapeEndpoint",
            "style": "arrow",
            "shapeId": "yesRect",
            "position": {
              "x": 0,
              "y": 0.5
            }
          }
        },
        {
          "id": "connector6",
          "lineType": "straight",
          "stroke": {
            "color": "#000000",
            "width": 2
          },
          "endpoint1": {
            "type": "shapeEndpoint",
            "style": "none",
            "shapeId": "decisionDiamond",
            "position": {
              "x": 0.25,
              "y": 1
            }
          },
          "endpoint2": {
            "type": "shapeEndpoint",
            "style": "arrow",
            "shapeId": "noRect",
            "position": {
              "x": 1,
              "y": 0.5
            }
          }
        }
      ]
    }
  ]
}